feature,importance
has_ip_address,0.00016704248891282882
is_shortened_url,0.00027770618675680773
has_https_token_in_path,0.0003768768032963784
tld_in_subdomain,0.0015420429643778712
has_at_symbol,0.004281822396013086
num_underscores,0.008661011648842282
num_special_chars,0.015789115398473903
uses_https,0.017036759720739016
num_digits,0.040314131579410425
num_hyphens,0.04493429527083721
digit_letter_ratio,0.04649229345875777
num_dots,0.05573862032699196
url_length,0.08433110966629527
num_slashes,0.09235465869927706
num_subdomains,0.09735635594765343
url_entropy,0.14133433946917304
path_length,0.17384795526331442
hostname_length,0.17516386271087733
